Workbook

Sheet 总览统计
A1: 出海 B2B 平台 · 供应商端资料上传与维护清单（总览）
A2: 依据《供应商端页面划分与资料上传机制调研》与《前端静态原型 PRD— 跨境 B2B 平台》整理；统计口径引用《资料上传总清单》明细，共 83 项。必填占比 = （必填 + 类目强制）/ 资料项数。
A3: 资料类别 | B3: 资料项数 | C3: 必填 | D3: 类目强制 | E3: 推荐 / 选填 / 系统 | F3: 必填占比 | G3: 主要维护页面
A4: 企业主体与账号 | B4: =COUNTIF(资料上传总清单!$B$2:$B$399,$A4) -> 8 | C4: =COUNTIFS(资料上传总清单!$B$2:$B$399,$A4,资料上传总清单!$F$2:$F$399,"必填") -> 4 | D4: =COUNTIFS(资料上传总清单!$B$2:$B$399,$A4,资料上传总清单!$F$2:$F$399,"类目强制") -> 1 | E4: =B4-C4-D4 -> 3 | F4: =IF(OR(B4="",B4=0),"",(C4+D4)/B4) -> 0.625 | G4: 3.2 入驻注册（发品前置）
A5: 公司介绍 | B5: =COUNTIF(资料上传总清单!$B$2:$B$399,$A5) -> 20 | C5: =COUNTIFS(资料上传总清单!$B$2:$B$399,$A5,资料上传总清单!$F$2:$F$399,"必填") -> 6 | D5: =COUNTIFS(资料上传总清单!$B$2:$B$399,$A5,资料上传总清单!$F$2:$F$399,"类目强制") -> 0 | E5: =B5-C5-D5 -> 14 | F5: =IF(OR(B5="",B5=0),"",(C5+D5)/B5) -> 0.3 | G5: 3.3 公司信息 / 3.7 店铺主页
A6: 产品资料 | B6: =COUNTIF(资料上传总清单!$B$2:$B$399,$A6) -> 30 | C6: =COUNTIFS(资料上传总清单!$B$2:$B$399,$A6,资料上传总清单!$F$2:$F$399,"必填") -> 10 | D6: =COUNTIFS(资料上传总清单!$B$2:$B$399,$A6,资料上传总清单!$F$2:$F$399,"类目强制") -> 6 | E6: =B6-C6-D6 -> 14 | F6: =IF(OR(B6="",B6=0),"",(C6+D6)/B6) -> 0.53333333 | G6: 2.4 商品发布 / 3.4 我的商品
A7: 认证与资质 | B7: =COUNTIF(资料上传总清单!$B$2:$B$399,$A7) -> 10 | C7: =COUNTIFS(资料上传总清单!$B$2:$B$399,$A7,资料上传总清单!$F$2:$F$399,"必填") -> 2 | D7: =COUNTIFS(资料上传总清单!$B$2:$B$399,$A7,资料上传总清单!$F$2:$F$399,"类目强制") -> 1 | E7: =B7-C7-D7 -> 7 | F7: =IF(OR(B7="",B7=0),"",(C7+D7)/B7) -> 0.3 | G7: 3.9 认证与资质
A8: 内容资讯 | B8: =COUNTIF(资料上传总清单!$B$2:$B$399,$A8) -> 9 | C8: =COUNTIFS(资料上传总清单!$B$2:$B$399,$A8,资料上传总清单!$F$2:$F$399,"必填") -> 5 | D8: =COUNTIFS(资料上传总清单!$B$2:$B$399,$A8,资料上传总清单!$F$2:$F$399,"类目强制") -> 0 | E8: =B8-C8-D8 -> 4 | F8: =IF(OR(B8="",B8=0),"",(C8+D8)/B8) -> 0.55555556 | G8: 3.10 内容中心
A9: 素材库 | B9: =COUNTIF(资料上传总清单!$B$2:$B$399,$A9) -> 5 | C9: =COUNTIFS(资料上传总清单!$B$2:$B$399,$A9,资料上传总清单!$F$2:$F$399,"必填") -> 0 | D9: =COUNTIFS(资料上传总清单!$B$2:$B$399,$A9,资料上传总清单!$F$2:$F$399,"类目强制") -> 0 | E9: =B9-C9-D9 -> 5 | F9: =IF(OR(B9="",B9=0),"",(C9+D9)/B9) -> 0 | G9: 3.11 素材库
A10: 合计 | B10: =SUM(B4:B9) -> 82 | C10: =SUM(C4:C9) -> 27 | D10: =SUM(D4:D9) -> 8 | E10: =SUM(E4:E9) -> 47 | F10: =IF(OR(B10="",B10=0),"",(C10+D10)/B10) -> 0.42682927 | G10: 全部供应商上传资料
A12: 所属模块（PRD 页面） | B12: 资料项数 | C12: 必填 | D12: 类目强制 | E12: 推荐 / 选填 / 系统 | F12: 必填占比 | G12: 模块定位
A13: 3.2 供应商注册 / 入驻 | B13: =COUNTIF(资料上传总清单!$C$2:$C$399,$A13) -> 8 | C13: =COUNTIFS(资料上传总清单!$C$2:$C$399,$A13,资料上传总清单!$F$2:$F$399,"必填") -> 4 | D13: =COUNTIFS(资料上传总清单!$C$2:$C$399,$A13,资料上传总清单!$F$2:$F$399,"类目强制") -> 1 | E13: =B13-C13-D13 -> 3 | F13: =IF(OR(B13="",B13=0),"",(C13+D13)/B13) -> 0.625 | G13: 入驻表单与账号体系，发品前置门槛
A14: 3.3 公司信息 | B14: =COUNTIF(资料上传总清单!$C$2:$C$399,$A14) -> 16 | C14: =COUNTIFS(资料上传总清单!$C$2:$C$399,$A14,资料上传总清单!$F$2:$F$399,"必填") -> 6 | D14: =COUNTIFS(资料上传总清单!$C$2:$C$399,$A14,资料上传总清单!$F$2:$F$399,"类目强制") -> 0 | E14: =B14-C14-D14 -> 10 | F14: =IF(OR(B14="",B14=0),"",(C14+D14)/B14) -> 0.375 | G14: 店铺门面与信任背书的数据源
A15: 3.7 店铺主页 / 装修 | B15: =COUNTIF(资料上传总清单!$C$2:$C$399,$A15) -> 4 | C15: =COUNTIFS(资料上传总清单!$C$2:$C$399,$A15,资料上传总清单!$F$2:$F$399,"必填") -> 0 | D15: =COUNTIFS(资料上传总清单!$C$2:$C$399,$A15,资料上传总清单!$F$2:$F$399,"类目强制") -> 0 | E15: =B15-C15-D15 -> 4 | F15: =IF(OR(B15="",B15=0),"",(C15+D15)/B15) -> 0 | G15: 店铺主页视觉装修（本期仅预留）
A16: 2.4 商品发布 | B16: =COUNTIF(资料上传总清单!$C$2:$C$399,$A16) -> 30 | C16: =COUNTIFS(资料上传总清单!$C$2:$C$399,$A16,资料上传总清单!$F$2:$F$399,"必填") -> 10 | D16: =COUNTIFS(资料上传总清单!$C$2:$C$399,$A16,资料上传总清单!$F$2:$F$399,"类目强制") -> 6 | E16: =B16-C16-D16 -> 14 | F16: =IF(OR(B16="",B16=0),"",(C16+D16)/B16) -> 0.53333333 | G16: 供给侧核心，字段级拆解见《产品字段清单》
A17: 3.9 认证与资质 | B17: =COUNTIF(资料上传总清单!$C$2:$C$399,$A17) -> 10 | C17: =COUNTIFS(资料上传总清单!$C$2:$C$399,$A17,资料上传总清单!$F$2:$F$399,"必填") -> 2 | D17: =COUNTIFS(资料上传总清单!$C$2:$C$399,$A17,资料上传总清单!$F$2:$F$399,"类目强制") -> 1 | E17: =B17-C17-D17 -> 7 | F17: =IF(OR(B17="",B17=0),"",(C17+D17)/B17) -> 0.3 | G17: 独立模块，证书分类 + 验真 + 关联产品
A18: 3.10 内容中心 | B18: =COUNTIF(资料上传总清单!$C$2:$C$399,$A18) -> 9 | C18: =COUNTIFS(资料上传总清单!$C$2:$C$399,$A18,资料上传总清单!$F$2:$F$399,"必填") -> 5 | D18: =COUNTIFS(资料上传总清单!$C$2:$C$399,$A18,资料上传总清单!$F$2:$F$399,"类目强制") -> 0 | E18: =B18-C18-D18 -> 4 | F18: =IF(OR(B18="",B18=0),"",(C18+D18)/B18) -> 0.55555556 | G18: 自营销阵地，联动店铺主页新闻区
A19: 3.11 素材库 | B19: =COUNTIF(资料上传总清单!$C$2:$C$399,$A19) -> 5 | C19: =COUNTIFS(资料上传总清单!$C$2:$C$399,$A19,资料上传总清单!$F$2:$F$399,"必填") -> 0 | D19: =COUNTIFS(资料上传总清单!$C$2:$C$399,$A19,资料上传总清单!$F$2:$F$399,"类目强制") -> 0 | E19: =B19-C19-D19 -> 5 | F19: =IF(OR(B19="",B19=0),"",(C19+D19)/B19) -> 0 | G19: 图片/视频银行，跨页引用不重复上传
A20: 合计 | B20: =SUM(B13:B19) -> 82 | C20: =SUM(C13:C19) -> 27 | D20: =SUM(D13:D19) -> 8 | E20: =SUM(E13:E19) -> 47 | F20: =IF(OR(B20="",B20=0),"",(C20+D20)/B20) -> 0.42682927 | G20: 3.6 工作台只做待办与完善度提示，本身不采集资料
A22: 上线优先级建议（按「不做就无法闭环 → 影响转化 → 提效」排序）
A23: P0 必须 | B23: 企业主体（营业执照、联系人、协议签署）→ 公司信息基础字段（Logo、名称、简介、主营类目）→ 产品发布必填项（标题、类目、主图、类目参数、MOQ、交期、Incoterms、价格）→ 涂装 / 化工合规强制组
A24: P1 转化 | B24: 认证与资质（证书分类、有效期、验真标识、关联产品）→ 素材库 → 详情页多图与视频 → 公司实拍图墙与产能设备清单
A25: P2 提效 | B25: 内容中心（新闻 / 博客、侧边栏、定时发布）→ Excel 批量导入 → 店铺装修（Banner / 主题）→ 多语言版本与 HS 编码

Sheet 资料上传总清单
A1: 序号 | B1: 资料类别 | C1: 所属页面 / 模块 | D1: 资料项 | E1: 内容与字段要求 | F1: 是否必填 | G1: 格式要求 | H1: 数量 / 大小限制 | I1: 维护时机 | J1: 审核方式 | K1: 前台展示位置 | L1: 对标参考 | M1: 备注
A2: 1 | B2: 企业主体与账号 | C2: 3.2 供应商注册 / 入驻 | D2: 入驻申请表信息 | E2: 公司名称（中/英）、国家/地区、城市、业务类型（制造商/贸易商/代理商/服务商）、主营类目、联系人姓名/职位/邮箱/手机 | F2: 必填 | G2: 在线表单 | H2: — | I2: 入驻一次性 | J2: 人工审核 | K2: 店铺主页头部 | L2: 阿里入驻材料 / PRD 3.2 | M2: 注册页即采集，写入 supplier_profile
A3: 2 | B3: 企业主体与账号 | C3: 3.2 供应商注册 / 入驻 | D3: 营业执照 / 注册证明 | E3: 营业执照正本或副本扫描件，信息完整、在有效期内；境外企业提供注册证明（Certificate of Incorporation） | F3: 必填 | G3: JPG / PNG / PDF | H3: ≤5MB，1–2 张 | I3: 入驻 + 每年年审 | J3: 人工审核 | K3: 不对外展示（平台备案） | L3: 中国制造网（发品前置） | M3: 未通过审核不可发布产品；法人信息以营业执照登记信息核验，不单独收取身份证影像
A4: 3 | B4: 企业主体与账号 | C4: 3.2 供应商注册 / 入驻 | D4: 联系人信息（主 / 备） | E4: 姓名、职位、邮箱、手机、WhatsApp / WeChat（可选） | F4: 必填 | G4: 在线表单 | H4: 主联系人 1 + 备用 1 | I4: 入驻 + 变更即时 | J4: 自动校验（邮箱/手机格式） | K4: 店铺联系区（部分字段） | L4: 中国制造网公司信息 | M4: 手机号对外展示需供应商显式勾选
A5: 4 | B5: 企业主体与账号 | C5: 3.2 供应商注册 / 入驻 | D5: 类目准入许可证 | E5: 危化品经营许可证、食品生产许可（SC）、药品生产/经营许可证、工业产品生产许可证等 | F5: 类目强制 | G5: PDF | H5: ≤10MB，1 份/证 | I5: 入驻 + 到期前 30 天更新 | J5: 人工审核 | K5: 店铺认证区 | L5: ECHEMI 类目准入 | M5: 缺证不允许发布对应类目产品
A6: 5 | B6: 企业主体与账号 | C6: 3.2 供应商注册 / 入驻 | D6: 出口相关资质 | E6: 进出口经营权 / 对外贸易经营者备案、海关报关单位备案、原产地证申领能力 | F6: 推荐 | G6: PDF | H6: ≤10MB | I6: 入驻 + 年度更新 | J6: 人工审核 | K6: 店铺认证区 | L6: 环球资源第三方验真 | M6: 出海平台的差异化信任项
A7: 6 | B7: 企业主体与账号 | C7: 3.2 供应商注册 / 入驻 | D7: 平台协议与承诺声明 | E7: 供应商服务协议、产品信息真实性承诺、图片版权承诺、禁止留联系方式承诺 | F7: 必填 | G7: 电子勾选（可导出 PDF 存档） | H7: — | I7: 入驻 + 每次发布 | J7: 系统记录 | K7: 不对外展示 | L7: 阿里 / ECHEMI 发布规范 | M7: 作为违规下架与保证金处置依据
A8: 7 | B8: 企业主体与账号 | C8: 3.2 供应商注册 / 入驻 | D8: 子账号与权限 | E8: 运营 / 客服 / 内容三类角色账号 | F8: 选填 | G8: 在线表单 | H8: ≤10 个 | I8: 按需 | J8: 主账号授权 | K8: 不对外展示 | L8: 阿里子账号 / ECHEMI | M8: 非资料类，但影响多人协作维护
A9: 8 | B9: 企业主体与账号 | C9: 3.2 供应商注册 / 入驻 | D9: 代理 / 品牌授权链 | E9: 上游工厂授权书 + 采购合同 + 品牌授权书 | F9: 按需 | G9: PDF（平台模板） | H9: ≤10MB，1 套/品牌 | I9: 入驻或新增品牌时 | J9: 人工审核 | K9: 店铺认证区 | L9: 中国制造网（授权使用） | M9: 贸易商/代理商必传，缺失则该品牌证书不可上架
A10: 9 | B10: 公司介绍 | C10: 3.3 公司信息 | D10: 公司 Logo | E10: 正方形品牌标识，透明底优先 | F10: 必填 | G10: PNG / SVG | H10: ≥400×400px，≤2MB | I10: 入驻 + 变更 | J10: 自动校验（尺寸/大小） | K10: 店铺头部、商品供应商卡 | L10: 中国制造网 Logo | M10: 缺失时以公司首字母占位
A11: 10 | B11: 公司介绍 | C11: 3.3 公司信息 | D11: 公司名称（中 / 英） | E11: 中文全称与英文全称，英文名建议与官网、展会用名一致 | F11: 必填 | G11: 文本 | H11: 英文 ≤120 字符 | I11: 入驻 + 变更 | J11: 自动校验（与营业执照一致性） | K11: 店铺头部、商品供应商卡 | L11: 阿里 | M11: 英文名是海外买家的第一识别信息
A12: 11 | B12: 公司介绍 | C12: 3.3 公司信息 | D12: 国家 / 城市 / 详细地址 | E12: 注册地与实际经营地（可分别填写） | F12: 必填 | G12: 文本 | H12: — | I12: 入驻 | J12: 自动校验（国家/城市字典） | K12: 店铺头部、地图区 | L12: 阿里 | M12: 用于买家按地域筛选
A13: 12 | B13: 公司介绍 | C13: 3.3 公司信息 | D13: 官网 URL | E13: 企业官网或独立站域名 | F13: 推荐 | G13: URL | H13: — | I13: 按需 | J13: 可达性校验 | K13: 店铺联系区 | L13: 阿里 | M13: 无官网可留空
... A83: 82 | B83: 素材库 | C83: 3.11 素材库 | D83: 素材引用链接 | E83: 系统生成的可复制引用 URL | F83: 系统 | G83: URL | H83: — | I83: 自动 | J83: 系统生成 | K83: 复制引用 | L83: 阿里 | M83: 删除前校验引用次数，避免破图

Sheet 产品字段清单
A1: 序号 | B1: 字段分组 | C1: 字段名（中文） | D1: Field Label (EN) | E1: 类型 | F1: 是否必填 | G1: 取值 / 枚举示例 | H1: 校验规则与说明 | I1: 适用类目 | J1: 前台展示位置
A2: 1 | B2: 基础信息 | C2: 一级类目 | D2: Category | E2: 枚举 | F2: 必填 | G2: 船舶/游艇、轴承、机床、农产品、木材/林产、石化/化工 | H2: 决定参数模板与前台筛选；切换类目清空已填参数 | I2: 全部 | J2: 列表筛选、面包屑
A3: 2 | B3: 基础信息 | C3: 二级类目 | D3: Sub-category | E3: 枚举 | F3: 类目强制 | G3: 整艇 / 配件设备 / 涂装养护 / 衍生服务 | H3: 仅船舶 / 游艇需选择 | I3: 船舶/游艇 | J3: 面包屑
A4: 3 | B4: 基础信息 | C4: 产品标题（中） | D4: Product Title (CN) | E4: 文本 | F4: 必填 | G4: 3000 吨级钢质散货船 | H4: ≤150 字符；禁联系方式与极限词 | I4: 全部 | J4: 列表卡、详情 H1
A5: 4 | B5: 基础信息 | C5: 产品标题（英） | D5: Product Title (EN) | E5: 文本 | F5: 必填 | G5: 3000DWT Bulk Carrier for Sale | H5: 8–10 个词，含核心词 + 关键规格 | I5: 全部（出海必填） | J5: 英文站、详情 H1
A6: 5 | B6: 基础信息 | C6: 搜索关键词 | D6: Keywords | E6: 文本 | F6: 推荐 | G6: bulk carrier, cargo ship, 3000dwt | H6: ≤20 个，逗号分隔，去重 | I6: 全部 | J6: 站内搜索
A7: 6 | B7: 基础信息 | C7: 产品型号 | D7: Model No. | E7: 文本 | F7: 类目强制 | G7: YC-1200 / 牌号 A-10 | H7: ≤50 字符 | I7: 除衍生服务外 | J7: 详情参数表
A8: 7 | B8: 基础信息 | C8: CAS 号 | D8: CAS No. | E8: 文本 | F8: 类目强制 | G8: 108-78-1 | H8: 校验位规则；多组分可填多条 | I8: 石化/化工 | J8: 详情参数表
A9: 8 | B9: 基础信息 | C9: 品牌 | D9: Brand | E9: 文本 | F9: 推荐 | G9: 自有品牌 / OEM 品牌 | H9: — | I9: 全部 | J9: 详情、筛选
A10: 9 | B10: 基础信息 | C10: OEM / ODM 能力 | D10: OEM/ODM | E10: 枚举 | F10: 推荐 | G10: 是 / 否 / 可商议 | H10: — | I10: 全部 | J10: 详情、筛选
A11: 10 | B11: 基础信息 | C11: 产品分组 | D11: Group | E11: 枚举 | F11: 选填 | G11: 按店铺自定义分组 | H11: — | I11: 全部 | J11: 店铺橱窗
A12: 11 | B12: 基础信息 | C12: 发布语言 | D12: Language | E12: 枚举 | F12: 必填 | G12: 中文 / 英文 / 双语 | H12: 英文版本为出海必填 | I12: 全部 | J12: —
A13: 12 | B13: 图片与视频 | C13: 主图 | D13: Main Image | E13: 图片 | F13: 必填 | G13: 白底或实拍主图 | H13: ≥800×800px，≤5MB，1 张；禁联系方式 / 水印 / 拼图 | I13: 全部 | J13: 列表卡、详情首图
... A112: 111 | B112: 认证关联与状态 | C112: 上架 / 更新时间 | D112: Updated At | E112: 日期时间 | F112: 系统 | G112: 2026-10-21 14:00 | H112: 自动写入 | I112: 全部 | J112: 列表排序

Sheet 类目合规矩阵
A1: 合规资料项 | B1: 文件 / 字段形式 | C1: 船舶·整艇 | D1: 船舶·配件 | E1: 涂装养护 | F1: 衍生服务 | G1: 轴承 | H1: 机床 | I1: 农产品 | J1: 木材/林产 | K1: 石化/化工 | L1: 说明
A2: MSDS / SDS 安全数据表 | B2: PDF ≤10MB | C2: — | D2: — | E2: 强制 | F2: — | G2: — | H2: — | I2: 建议 | J2: 建议 | K2: 强制 | L2: 出口欧盟 / 美国为硬性要求
A3: TDS 技术数据表 | B3: PDF ≤10MB | C3: 建议 | D3: 建议 | E3: 强制 | F3: — | G3: 建议 | H3: 强制 | I3: 建议 | J3: — | K3: 强制 | L3: 与详情页参数表互补
A4: UN 编号 | B4: 文本字段 | C4: — | D4: — | E4: 强制 | F4: — | G4: — | H4: — | I4: — | J4: — | K4: 强制 | L4: 危险品运输与清关必备
A5: 危险等级 / 包装类别 | B5: 文本 + 枚举 | C5: — | D5: — | E5: 强制 | F5: — | G5: — | H5: — | I5: — | J5: — | K5: 强制 | L5: 危险品按 IMDG 分类
A6: 运输限制 / IMDG 鉴定 | B6: 文本 + PDF | C6: — | D6: — | E6: 强制 | F6: — | G6: — | H6: — | I6: 建议 | J6: 建议 | K6: 强制 | L6: 海运订舱与保险核保使用
A7: AFS 防污公约符合性 | B7: 文本 + PDF | C7: 建议 | D7: — | E7: 强制 | F7: — | G7: — | H7: — | I7: — | J7: — | K7: — | L7: 含有机锡产品禁止上架
A8: VOC 含量标准 | B8: 数字 + PDF | C8: 建议 | D8: — | E8: 强制 | F8: — | G8: — | H8: — | I8: — | J8: — | K8: 建议 | L8: 按目标市场限值校验
A9: REACH 注册 / SVHC 声明 | B9: PDF | C9: 建议 | D9: 建议 | E9: 强制 | F9: — | G9: 建议 | H9: 建议 | I9: 建议 | J9: 建议 | K9: 强制 | L9: 出口欧盟必备
A10: RoHS / CE 符合性 | B10: PDF | C10: 建议 | D10: 强制 | E10: — | F10: — | G10: 建议 | H10: 强制 | I10: — | J10: — | K10: — | L10: 机电类重点
A11: 船级社证书 CCS / ABS / DNV | B11: PDF | C11: 强制 | D11: 强制 | E11: 建议 | F11: — | G11: — | H11: — | I11: — | J11: — | K11: — | L11: 上传后可关联到产品
A12: 食品接触 / 食品级认证 | B12: PDF | C12: — | D12: — | E12: — | F12: — | G12: — | H12: — | I12: 强制 | J12: 建议 | K12: 建议 | L12: FDA / GB 4806 / EC 1935
... A18: 产品责任险 / 验厂报告 | B18: PDF | C18: 建议 | D18: — | E18: — | F18: — | G18: 建议 | H18: 建议 | I18: 建议 | J18: 建议 | K18: 建议 | L18: 提升大买家信任
A20: 图例 | B20: 强制 | C20: 缺项时提交拦截，不可上架
B21: 建议 | C21: 不拦截，计入资料完善度提示

Sheet 说明
A1: 使用说明 · 口径定义 · 上线建议
A2: 一、这份表解决什么问题
A3: 供应商登录平台后要维护的资料，分散在入驻注册、公司信息、商品发布、认证资质、内容中心、素材库、店铺装修等多个页面。本表把「在哪个页面、传什么、什么格式与大小、要不要审核、审核后展示在哪」一次拉平，供产品、研发、运营和商家培训共用同一份口径。
A5: 二、五个工作表怎么用
A6: ① 总览统计：按资料类别与所属模块统计项数与必填占比，用于评估工作量与排期，数字由公式引用主表实时计算。
A7: ② 资料上传总清单（主表）：83 项资料逐条列出，含格式、数量 / 大小限制、维护时机、审核方式、前台展示位置与对标参考，是需求评审与验收的主依据。
A8: ③ 产品字段清单：把「产品资料」拆到字段级（111 个字段），含通用字段、图片视频、六大类目的差异化参数、贸易信息与认证关联，可直接作为表单与接口设计依据。
A9: ④ 类目合规矩阵：17 项合规文件在各类目下的强制 / 建议等级，用于配置「缺项拦截」规则与合规提示区。
A10: ⑤ 说明（本页）：口径、优先级与待确认事项。
A11: 分工说明：同一术语（如 MSDS、认证、交期）会在三张表中出现，但粒度不同——《资料上传总清单》回答「传什么、要不要传」，《产品字段清单》回答「表单长什么样、怎么校验」，《类目合规矩阵》回答「哪个类目强制」。这属于分层引用，不是重复录入；后续调整口径时请同步三处，避免只改一张表导致前后不一致。
A13: 三、必填口径
A14: 必填：任何类目下不传就无法完成该动作（入驻 / 发布 / 上架），主表中以黄底标注。
... A33: 环球资源 Global Sources：Company 模块（公司认证创建与管理、Upload Video、PDF Catalog）/ SGS、TÜV 第三方验真。
